variant_name,mutations,scaffold,activity_30C,activity_40C,activity_50C,activity_55C,activity_60C,esm2_fitness_score,catalytic_distortion,triad_rmsd,d1_mut,d2_mut,d3_mut,d4_mut
WT,[],WT,1.0,0.85,0.05,0.0,0.0,0.0,0.00016905889788176864,0.00016905889788176864,10.0,10.0,24.17023277282715,2.240445137023926
WT_S121E,['S121E'],WT,1.2,1.1,0.2,0.05,0.0,-11.483431816101074,0.01445986982434988,0.01445986982434988,10.0,10.0,24.16334342956543,2.241394519805908
WT_N233K,['N233K'],WT,1.15,1.05,0.3,0.1,0.0,-4.160165309906006,0.028371596708893776,0.028371596708893776,10.0,10.0,24.16080665588379,2.2412049770355225
WT_S121E+N233K,"['S121E', 'N233K']",WT,1.4,1.35,0.65,0.4,0.1,-15.64359712600708,0.028129905462265015,0.028129905462265015,10.0,10.0,24.160804748535156,2.241453170776367
Thermo_R224Q+N233K,"['R224Q', 'N233K']",Thermo,1.6,1.8,1.4,1.1,0.7,-7.919003963470459,0.03337954357266426,0.03337954357266426,10.0,10.0,24.158916473388672,2.240502119064331
Dura_S121E,['S121E'],Dura,1.5,1.7,1.6,1.4,0.9,-11.483431816101074,0.014538653194904327,0.014538653194904327,10.0,10.0,24.16334342956543,2.241394519805908
FAST-PETase,"['N233K', 'R224Q', 'S121E']",FAST,1.8,2.1,2.0,1.8,1.5,-19.402435779571533,0.027063924819231033,0.027063924819231033,10.0,10.0,24.161455154418945,2.2412049770355225
Hot-PETase,"['S121E', 'D186H', 'R224Q', 'N233K']",Hot,1.7,2.0,2.1,1.9,1.6,-22.45810842514038,0.026711782440543175,0.026711782440543175,10.0,10.0,24.160547256469727,2.240311861038208
S160A,['S160A'],WT,-5.0,-5.0,-5.0,-5.0,-5.0,-11.090097427368164,10.020450122654438,0.02045012265443802,10.0,10.0,24.155656814575195,2.241109848022461
H237A,['H237A'],WT,-5.0,-5.0,-5.0,-5.0,-5.0,-11.297767639160156,10.03021763637662,0.03021763637661934,10.0,10.0,24.16777229309082,2.2411468029022217
D206A,['D206A'],WT,-5.0,-5.0,-5.0,-5.0,-5.0,-11.470183372497559,10.079133443534374,0.07913344353437424,10.0,10.0,24.16054916381836,2.2412033081054688
