variant_name,mutations,scaffold,activity_30C,activity_40C,activity_50C,activity_55C,activity_60C
WT,[],WT,1.0,0.85,0.05,0.0,0.0
WT_S121E,['S121E'],WT,1.2,1.1,0.2,0.05,0.0
WT_N233K,['N233K'],WT,1.15,1.05,0.3,0.1,0.0
WT_S121E+N233K,"['S121E', 'N233K']",WT,1.4,1.35,0.65,0.4,0.1
Thermo_R224Q+N233K,"['R224Q', 'N233K']",Thermo,1.6,1.8,1.4,1.1,0.7
Dura_S121E,['S121E'],Dura,1.5,1.7,1.6,1.4,0.9
FAST-PETase,"['N233K', 'R224Q', 'S121E']",FAST,1.8,2.1,2.0,1.8,1.5
Hot-PETase,"['S121E', 'D186H', 'R224Q', 'N233K']",Hot,1.7,2.0,2.1,1.9,1.6
S160A,['S160A'],WT,-5.0,-5.0,-5.0,-5.0,-5.0
H237A,['H237A'],WT,-5.0,-5.0,-5.0,-5.0,-5.0
D206A,['D206A'],WT,-5.0,-5.0,-5.0,-5.0,-5.0
